mean_fit_time,std_fit_time,mean_score_time,std_score_time,param_gamma,param_importance_type,param_learning_rate,param_max_depth,param_n_estimators,param_reg_alpha,param_reg_lambda,param_tree_method,params,split0_test_F1,split1_test_F1,split2_test_F1,split3_test_F1,split4_test_F1,split5_test_F1,split6_test_F1,split7_test_F1,split8_test_F1,split9_test_F1,split10_test_F1,mean_test_F1,std_test_F1,rank_test_F1,split0_test_Accuracy,split1_test_Accuracy,split2_test_Accuracy,split3_test_Accuracy,split4_test_Accuracy,split5_test_Accuracy,split6_test_Accuracy,split7_test_Accuracy,split8_test_Accuracy,split9_test_Accuracy,split10_test_Accuracy,mean_test_Accuracy,std_test_Accuracy,rank_test_Accuracy
15.146499720486728,0.3362171561394906,0.0134319392117587,0.0036263186368262436,0,cover,1.0969754876501654e-05,6,39,0.75,0.1,exact,"{'gamma': 0, 'importance_type': 'cover', 'learning_rate': 1.0969754876501654e-05, 'max_depth': 6, 'n_estimators': 39, 'reg_alpha': 0.75, 'reg_lambda': 0.1, 'tree_method': 'exact'}",0.9812646370023419,0.9546247818499127,0.9004908522980813,0.9255989911727617,0.8048993875765528,0.8954970263381479,0.9860150607038574,0.9919647077359383,0.9565217391304349,0.9868490268279851,0.8149580915538364,0.9271531183808954,0.06397672526208263,54,0.9883509282854023,0.9754543308945008,0.9456495247379966,0.9570284049526584,0.8106960950764007,0.8987654320987655,0.9827094812844386,0.9913338997451147,0.9671931956257594,0.9827467218771566,0.862810707456979,0.9420671565486521,0.0566277305406802,53
8.841360070488669,0.5217980002503708,0.011101007461547852,0.00266383620500154,0.01,cover,0.001045714055707174,6,24,0.75,0.3,exact,"{'gamma': 0.01, 'importance_type': 'cover', 'learning_rate': 0.001045714055707174, 'max_depth': 6, 'n_estimators': 24, 'reg_alpha': 0.75, 'reg_lambda': 0.3, 'tree_method': 'exact'}",0.9818819403857394,0.9558759283529925,0.8993766696349066,0.9231415371692566,0.8007023705004389,0.8956743002544528,0.9861708666256914,0.9919621749408984,0.9589925734581854,0.9872042068361087,0.8205128205128205,0.9274086716974085,0.06414699212173723,51,0.9887149617764834,0.9761623790417748,0.9449183524250548,0.9555717407137655,0.8073005093378608,0.8987654320987655,0.9828994869846095,0.9913338997451147,0.9691373025516403,0.9832068092937658,0.8678298279158699,0.9423491547167913,0.05688597432034531,51
3.1616506576538086,0.09165049260120851,0.022513909773393112,0.007080114099664912,1,gain,0.23102217601971778,10,59,1,2,hist,"{'gamma': 1, 'importance_type': 'gain', 'learning_rate': 0.23102217601971778, 'max_depth': 10, 'n_estimators': 59, 'reg_alpha': 1, 'reg_lambda': 2, 'tree_method': 'hist'}",0.981042654028436,0.966858152894388,0.9196879302432308,0.931180968564146,0.8063102541630149,0.9026248941574936,0.9866133251269426,0.9869965112591184,0.9690251059667427,0.9901788846018941,0.847003682624707,0.935229305784556,0.059011457804125124,5,0.9883509282854023,0.9822987963181496,0.9573482817450646,0.9606700655498908,0.8123938879456706,0.9053497942386831,0.9834695040851226,0.9860662701784197,0.976913730255164,0.9871175523349437,0.890774378585086,0.9482502899565087,0.05360459567042661,5
1.6161986264315518,0.05499850304787059,0.015833269466053356,0.0045522877848886475,0.25,cover,0.0003781220664624447,6,49,1,0.1,hist,"{'gamma': 0.25, 'importance_type': 'cover', 'learning_rate': 0.0003781220664624447, 'max_depth': 6, 'n_estimators': 49, 'reg_alpha': 1, 'reg_lambda': 0.1, 'tree_method': 'hist'}",0.9789473684210526,0.9550806803314434,0.9044414535666219,0.9247583018074821,0.8021108179419525,0.8964346349745331,0.9841562836486695,0.9919571045576407,0.9578642650369893,0.9877365101611773,0.8132433301189327,0.9269755227787723,0.06438582729693249,56,0.9868947943210775,0.9756903469435921,0.9480867657811357,0.9565428502063608,0.8089983022071308,0.8995884773662551,0.9804294128823865,0.9913338997451147,0.9681652490886998,0.9838969404186796,0.8611376673040153,0.9418877005694952,0.057029912050310806,56
1.0293313589963047,0.03726102804159099,0.011193904009732332,0.002732766559866466,0.05,weight,6.290114324697387e-05,7,20,1.25,0.6,hist,"{'gamma': 0.05, 'importance_type': 'weight', 'learning_rate': 6.290114324697387e-05, 'max_depth': 7, 'n_estimators': 20, 'reg_alpha': 1.25, 'reg_lambda': 0.6, 'tree_method': 'hist'}",0.982991202346041,0.9567496723460026,0.912375790424571,0.929054054054054,0.814236111111111,0.8932203389830508,0.9870967741935484,0.9921235034656585,0.9631067961165048,0.9893337996153174,0.8227642276422764,0.9311865700271033,0.06165084676943571,23,0.9894430287586458,0.9766344111399575,0.9527175237631001,0.9592134013109979,0.8183361629881154,0.8962962962962963,0.9840395211856355,0.9915038232795242,0.9722964763061969,0.9859673337934207,0.8697418738049714,0.9451081684206237,0.055125513635296004,25
0.8311094370755282,0.09061582716106893,0.00976651365106756,0.003066859234070113,0.01,weight,2.574806354006811e-05,6,20,4,1,hist,"{'gamma': 0.01, 'importance_type': 'weight', 'learning_rate': 2.574806354006811e-05, 'max_depth': 6, 'n_estimators': 20, 'reg_alpha': 4, 'reg_lambda': 1, 'tree_method': 'hist'}",0.9812426729191089,0.9550806803314434,0.9074573225516622,0.9306846999154692,0.7925531914893615,0.898477157360406,0.9838087895142636,0.9918058619602901,0.9550994227068634,0.984965034965035,0.8187702265372168,0.9272677327501018,0.0648811772814639,53,0.9883509282854023,0.9756903469435921,0.9497928345113331,0.9601845108035931,0.801358234295416,0.9012345679012346,0.9800494014820444,0.9911639762107052,0.9659781287970839,0.9802162410858063,0.8661567877629063,0.9418341780071924,0.05781550207119545,57
6.932652538472956,0.23656557251399388,0.015803878957575016,0.0033619383066816983,0,weight,0.028843914601105067,10,40,2,0.1,gpu_hist,"{'gamma': 0, 'importance_type': 'weight', 'learning_rate': 0.028843914601105067, 'max_depth': 10, 'n_estimators': 40, 'reg_alpha': 2, 'reg_lambda': 0.1, 'tree_method': 'gpu_hist'}",0.97510133178923,0.950065132435953,0.9127091813658978,0.9013157894736842,0.7481617647058824,0.8886986301369864,0.9858592068859515,0.9907013396375098,0.9627711233408871,0.990899544977249,0.8093559756488306,0.9196035473089149,0.07584858110227581,75,0.9843465598835093,0.9728581543544961,0.9529612478674141,0.9417334304442826,0.767402376910017,0.8930041152263375,0.9825194755842676,0.9899745114698386,0.9720534629404617,0.988037727168162,0.857791586998088,0.936607513531534,0.06707381074639673,75
1.6508079442110928,0.05747276001424649,0.015449610623446379,0.004357901182380621,0,gain,0.0007339923766566089,7,43,1,0.3,hist,"{'gamma': 0, 'importance_type': 'gain', 'learning_rate': 0.0007339923766566089, 'max_depth': 7, 'n_estimators': 43, 'reg_alpha': 1, 'reg_lambda': 0.3, 'tree_method': 'hist'}",0.9830310122878877,0.9567496723460026,0.9119638826185102,0.920368818105616,0.8038528896672505,0.8956743002544528,0.98678955453149,0.9919672389352653,0.9650259067357512,0.9879518072289157,0.8206627680311891,0.929457986431121,0.0637030458639652,42,0.9894430287586458,0.9766344111399575,0.9524737996587862,0.9538722991017237,0.8098471986417657,0.8987654320987655,0.9836595097852936,0.9913338997451147,0.9737545565006075,0.9841269841269841,0.8680688336520076,0.9438163593826956,0.05674226883532855,42
41.63683551008051,1.3481580107231148,0.02780925143848766,0.008979758378920528,0.6,cover,4.99621224446067e-05,8,90,1,0,exact,"{'gamma': 0.6, 'importance_type': 'cover', 'learning_rate': 4.99621224446067e-05, 'max_depth': 8, 'n_estimators': 90, 'reg_alpha': 1, 'reg_lambda': 0, 'tree_method': 'exact'}",0.9836257309941521,0.9567496723460026,0.9135355364418288,0.915282392026578,0.8083989501312336,0.8917306052855924,0.9869451697127938,0.9919647077359383,0.966818477553676,0.9917846530326866,0.8203962325430335,0.9297483752548651,0.06367382994232873,37,0.9898070622497269,0.9766344111399575,0.9534486960760419,0.9504734158776402,0.8140916808149405,0.8954732510288066,0.9838495154854645,0.9913338997451147,0.9752126366950182,0.9891879457096848,0.8678298279158699,0.9443038493398422,0.0565452611111262,38
27.062878110192038,0.5449501718319358,0.017552722584117542,0.004971301022991906,1,cover,1.8718234528877468e-05,10,46,1,0.1,approx,"{'gamma': 1, 'importance_type': 'cover', 'learning_rate': 1.8718234528877468e-05, 'max_depth': 10, 'n_estimators': 46, 'reg_alpha': 1, 'reg_lambda': 0.1, 'tree_method': 'approx'}",0.9823529411764707,0.9583516001753617,0.907936507936508,0.9163545568039949,0.8388746803069055,0.895093062605753,0.9861878453038674,0.9879708768597658,0.9506726457399103,0.9907131592780796,0.8226120857699805,0.9306472692687816,0.05712717531732136,28,0.9890789952675646,0.9775784753363229,0.950524006824275,0.9512017479970867,0.8395585738539898,0.8979423868312757,0.9828994869846095,0.9870858113848768,0.9625759416767922,0.9878076834598574,0.8695028680688337,0.9450687252441349,0.049958498786692486,27
16.215048009699043,0.5356827636064894,0.013688325881958008,0.0035605296759554303,0.6,cover,1.0393041100366151e-05,10,27,0.25,0.6,exact,"{'gamma': 0.6, 'importance_type': 'cover', 'learning_rate': 1.0393041100366151e-05, 'max_depth': 10, 'n_estimators': 27, 'reg_alpha': 0.25, 'reg_lambda': 0.6, 'tree_method': 'exact'}",0.982991202346041,0.9609477841158403,0.9190172884440401,0.9187838400666388,0.8378839590443686,0.8962585034013605,0.9881774911715032,0.9892439101550142,0.9687092568448501,0.9938843264022367,0.8216145833333333,0.934319285938657,0.05850591559693269,8,0.9894430287586458,0.9789945716308709,0.9566171094321229,0.9526584122359796,0.8387096774193549,0.8995884773662551,0.9853695610868326,0.988445199660153,0.976670716889429,0.9919484702093397,0.8690248565965584,0.947951825571413,0.05142074013418901,7
26.569128491661765,0.6336698667420679,0.018635554747147995,0.005594405394512468,0,gain,2.501448380134648e-05,8,57,2,1,exact,"{'gamma': 0, 'importance_type': 'gain', 'learning_rate': 2.501448380134648e-05, 'max_depth': 8, 'n_estimators': 57, 'reg_alpha': 2, 'reg_lambda': 1, 'tree_method': 'exact'}",0.9836257309941521,0.9559144478393714,0.9143633892161305,0.922110552763819,0.8073555166374781,0.8962585034013605,0.987563334868724,0.9919647077359383,0.9658536585365854,0.9923050017488632,0.8206627680311891,0.9307252374339647,0.06346336647608317,25,0.9898070622497269,0.9761623790417748,0.9539361442846698,0.954843408594319,0.8132427843803056,0.8995884773662551,0.9846095382861486,0.9913338997451147,0.9744835965978129,0.9898780768345986,0.8680688336520076,0.9450867455484303,0.05648416989718331,26
1.0134982629255815,0.023405362685560527,0.009020848707719282,0.0020500784893876757,0.05,gain,5.5139152667718035e-05,10,11,1,0.1,hist,"{'gamma': 0.05, 'importance_type': 'gain', 'learning_rate': 5.5139152667718035e-05, 'max_depth': 10, 'n_estimators': 11, 'reg_alpha': 1, 'reg_lambda': 0.1, 'tree_method': 'hist'}",0.9823943661971831,0.9550806803314434,0.9136918210573882,0.9169795577805591,0.8349016253207869,0.8990670059372351,0.9861708666256914,0.9889310562934851,0.9664604363399544,0.989010989010989,0.8213931990756024,0.9321892367245744,0.05799111413919533,19,0.9890789952675646,0.9756903469435921,0.9534486960760419,0.9516873027433843,0.8361629881154499,0.9020576131687242,0.9828994869846095,0.9881053525913339,0.9749696233292832,0.9855072463768116,0.870697896749522,0.946391413486029,0.05047363264276333,15
34.518758275292136,0.9021111334148926,0.019730112769386986,0.005786887820010155,0.25,gain,0.017524265901968095,7,83,5,2,approx,"{'gamma': 0.25, 'importance_type': 'gain', 'learning_rate': 0.017524265901968095, 'max_depth': 7, 'n_estimators': 83, 'reg_alpha': 5, 'reg_lambda': 2, 'tree_method': 'approx'}",0.9800936768149883,0.9596136962247587,0.9060674157303372,0.9228187919463087,0.7954144620811286,0.8975444538526672,0.9860236522807555,0.9916416968932346,0.9534809111324991,0.9880576044959606,0.8069164265129681,0.926152071633237,0.06675899415955047,58,0.98762286130324,0.9782865234835969,0.9490616621983914,0.9553289633406167,0.8030560271646859,0.9004115226337449,0.9827094812844386,0.9909940526762957,0.9647630619684082,0.9843570278352887,0.8558795411089866,0.9411337022725177,0.059114024443747984,58
35.7631861296567,0.9960150384931167,0.019675493240356445,0.005643745134965455,0,cover,0.00035218631014647566,11,55,5,0,approx,"{'gamma': 0, 'importance_type': 'cover', 'learning_rate': 0.00035218631014647566, 'max_depth': 11, 'n_estimators': 55, 'reg_alpha': 5, 'reg_lambda': 0, 'tree_method': 'approx'}",0.9811542991755007,0.960456942003515,0.9133211678832117,0.915,0.8339041095890412,0.897133220910624,0.9869571888905938,0.9884511944312608,0.9577827908475668,0.9898245614035087,0.820343461030383,0.9313026305604732,0.05829363971427593,22,0.9883509282854023,0.9787585555817796,0.9536924201803558,0.9504734158776402,0.8353140916808149,0.8995884773662551,0.9838495154854645,0.9875955819881054,0.9681652490886998,0.9866574649183345,0.869980879541109,0.9456751436358144,0.05084393269710644,21
30.112111720171843,1.0978439992545466,0.01823260567405007,0.005403654457135786,0.05,gain,0.0016064147517635286,6,85,1,0,approx,"{'gamma': 0.05, 'importance_type': 'gain', 'learning_rate': 0.0016064147517635286, 'max_depth': 6, 'n_estimators': 85, 'reg_alpha': 1, 'reg_lambda': 0, 'tree_method': 'approx'}",0.9777777777777779,0.9520905923344948,0.897287683414851,0.9128630705394192,0.8134715025906735,0.8990670059372351,0.9851067096576078,0.9918032786885246,0.9475023862551702,0.9889337783242579,0.7818012999071495,0.922518644129742,0.06785902283548391,70,0.9861667273389152,0.9740382345999528,0.9436997319034852,0.9490167516387472,0.8166383701188455,0.9020576131687242,0.9815694470834125,0.9911639762107052,0.959902794653706,0.9855072463768116,0.8315009560229446,0.938296531737841,0.059234203263194174,68
1.6575805057178845,0.4080282853101372,0.016063235022804954,0.003386535277202148,0.05,weight,0.0007604643935192313,10,40,0.25,0,gpu_hist,"{'gamma': 0.05, 'importance_type': 'weight', 'learning_rate': 0.0007604643935192313, 'max_depth': 10, 'n_estimators': 40, 'reg_alpha': 0.25, 'reg_lambda': 0, 'tree_method': 'gpu_hist'}",0.9768250289687137,0.9542084605320542,0.9111411817771763,0.9122661122661123,0.7707581227436824,0.888888888888889,0.9817676143386898,0.9897524830521836,0.9631067961165048,0.9922915206727401,0.8162738133677753,0.9233890929749564,0.07017919710310297,65,0.9854386603567529,0.9752183148454094,0.9519863514501584,0.9487739742655984,0.7843803056027164,0.8930041152263375,0.9775793273798214,0.9889549702633815,0.9722964763061969,0.9898780768345986,0.8640057361376673,0.9392287553335126,0.06256634609439499,65
0.4039635008031672,0.05661043893496182,0.012880672108043324,0.0025009698171083576,0,gain,6.355666951448571e-05,5,47,4,0.6,gpu_hist,"{'gamma': 0, 'importance_type': 'gain', 'learning_rate': 6.355666951448571e-05, 'max_depth': 5, 'n_estimators': 47, 'reg_alpha': 4, 'reg_lambda': 0.6, 'tree_method': 'gpu_hist'}",0.9761766414875073,0.9475963620614986,0.9133574007220218,0.923012200252419,0.6923076923076924,0.8964346349745331,0.9829151916269047,0.9883317565436771,0.9564375605033881,0.9841493483620993,0.8031746031746032,0.9148993992742132,0.08728327241226423,83,0.9850746268656716,0.9714420580599481,0.953204971971728,0.9555717407137655,0.7283531409168081,0.8995884773662551,0.9789093672810184,0.9874256584536958,0.9671931956257594,0.979296066252588,0.8518164435946463,0.9325341588274441,0.07572357334536653,82
11.793310078707608,0.36369242093705073,0.011367321014404297,0.0031953103630882286,0.6,weight,0.00022886178095408085,10,20,1,2,exact,"{'gamma': 0.6, 'importance_type': 'weight', 'learning_rate': 0.00022886178095408085, 'max_depth': 10, 'n_estimators': 20, 'reg_alpha': 1, 'reg_lambda': 2, 'tree_method': 'exact'}",0.984182776801406,0.9588441330998249,0.9183303085299455,0.9255989911727617,0.831191088260497,0.8988954970263381,0.9881811204911742,0.9879670677644079,0.967699836867863,0.9937062937062936,0.8201298701298702,0.9340660894409439,0.05936679041324092,9,0.9901710957408082,0.9778144913854142,0.956129661223495,0.9570284049526584,0.83276740237691,0.9020576131687242,0.9853695610868326,0.9870858113848768,0.9759416767922235,0.9917184265010351,0.8675908221797323,0.9476068151629736,0.05247018319375451,9
1.0637168667533181,0.6880460897301649,0.015168146653608843,0.0032127977349702182,1,gain,2.0750158010635696e-05,12,75,4,0.6,gpu_hist,"{'gamma': 1, 'importance_type': 'gain', 'learning_rate': 2.0750158010635696e-05, 'max_depth': 12, 'n_estimators': 75, 'reg_alpha': 4, 'reg_lambda': 0.6, 'tree_method': 'gpu_hist'}",0.9750724637681158,0.960070206230803,0.9122965641952985,0.9110556940980882,0.733519034354689,0.881590319792567,0.9688624628383665,0.9881684808329391,0.967762943666558,0.9905329593267883,0.8141706924315619,0.9184638019577978,0.07774840418725402,77,0.9843465598835093,0.9785225395326882,0.9527175237631001,0.948045642146152,0.7563667232597623,0.8872427983539095,0.96218886566597,0.9872557349192863,0.9759416767922235,0.9875776397515528,0.862093690248566,0.9347544903924291,0.06890651377081503,77
0.33223904262889514,0.08144041817039753,0.011332945390181108,0.0019041174613059937,0,cover,0.05657474102079429,4,19,0.25,0.6,gpu_hist,"{'gamma': 0, 'importance_type': 'cover', 'learning_rate': 0.05657474102079429, 'max_depth': 4, 'n_estimators': 19, 'reg_alpha': 0.25, 'reg_lambda': 0.6, 'tree_method': 'gpu_hist'}",0.9760653823701109,0.9394589952769429,0.9104882459312839,0.9213002566295979,0.6966507177033493,0.9003378378378378,0.9822667694680032,0.9891321467947708,0.9511338230597254,0.9859303552585297,0.7908721475461081,0.9130578798069329,0.0873873592666978,85,0.9850746268656716,0.9667217370781213,0.9517426273458445,0.9553289633406167,0.730899830220713,0.902880658436214,0.9781493444803344,0.9882752761257434,0.9628189550425273,0.9815965033356338,0.8401051625239006,0.9312357895268474,0.07591278969901187,85
1.2791248668323865,0.06792180931479086,0.013098304921930487,0.002223855927771577,0,gain,0.00018998479974788668,7,21,1,0.3,gpu_hist,"{'gamma': 0, 'importance_type': 'gain', 'learning_rate': 0.00018998479974788668, 'max_depth': 7, 'n_estimators': 21, 'reg_alpha': 1, 'reg_lambda': 0.3, 'tree_method': 'gpu_hist'}",0.9818819403857394,0.9529616724738676,0.9033707865168539,0.9341825902335457,0.7615593834995467,0.9014321819713563,0.9751243781094526,0.9925972594109308,0.9641125121241514,0.9884453781512605,0.8177117000646412,0.9248527075401224,0.07134125308490472,63,0.9887149617764834,0.9745102666981355,0.9475993175725079,0.9623695071619325,0.7767402376910016,0.9037037037037037,0.9695990879726392,0.9920135938827528,0.9730255164034022,0.9848171152518979,0.8652007648183556,0.9398449157211648,0.06351010022224143,63
0.3780491352081299,0.08989625164453903,0.013208324258977716,0.0022657455208648157,0.01,cover,0.0001824229354632072,4,14,4,0.1,gpu_hist,"{'gamma': 0.01, 'importance_type': 'cover', 'learning_rate': 0.0001824229354632072, 'max_depth': 4, 'n_estimators': 14, 'reg_alpha': 4, 'reg_lambda': 0.1, 'tree_method': 'gpu_hist'}",0.9724985371562317,0.9402664374731413,0.9113233287858118,0.9296013570822731,0.6897880539499036,0.902027027027027,0.9819861431870671,0.9896030245746691,0.9525628780643107,0.9825844653430861,0.7869362363919129,0.9126524990032213,0.0891530881773656,88,0.9828904259191845,0.967193769176304,0.9524737996587862,0.9596989560572955,0.7266553480475382,0.9045267489711935,0.9777693330799924,0.9887850467289719,0.9637910085054678,0.9769956291695422,0.8362810707456979,0.9306419214599977,0.07712594458038935,88
0.5582289478995583,0.04750901160172744,0.012334693561900745,0.0018998745036779157,0,weight,0.549269290000459,5,13,0.25,0,gpu_hist,"{'gamma': 0, 'importance_type': 'weight', 'learning_rate': 0.549269290000459, 'max_depth': 5, 'n_estimators': 13, 'reg_alpha': 0.25, 'reg_lambda': 0, 'tree_method': 'gpu_hist'}",0.9807130333138515,0.9492407809110629,0.9084348218313036,0.9332199064227987,0.7313432835820897,0.9006734006734006,0.9759204598415411,0.9910363264664256,0.9587362991618311,0.9779951100244499,0.8035544271659791,0.9191698044904303,0.07827902898892154,76,0.9879868947943211,0.9723861222563134,0.950524006824275,0.9618839524156348,0.7555178268251274,0.902880658436214,0.9705491164734942,0.9903143585386576,0.9688942891859053,0.9710144927536232,0.8520554493307839,0.9349097425303955,0.06879717936755556,76
4.27671876820651,0.11300673811597634,0.008498300205577503,0.0018463952390347074,0,weight,0.024958239824075915,7,10,4,0.6,exact,"{'gamma': 0, 'importance_type': 'weight', 'learning_rate': 0.024958239824075915, 'max_depth': 7, 'n_estimators': 10, 'reg_alpha': 4, 'reg_lambda': 0.6, 'tree_method': 'exact'}",0.9853544229642649,0.9550806803314434,0.912375790424571,0.9218554116172168,0.8031634446397189,0.8966101694915255,0.9880257906048511,0.9918058619602901,0.9652258693532663,0.9898423817863398,0.8221138211382115,0.9301321494828819,0.06390380361158363,33,0.9908991627229705,0.9756903469435921,0.9527175237631001,0.9546006312211702,0.8098471986417657,0.8995884773662551,0.9851795553866616,0.9911639762107052,0.9739975698663427,0.9866574649183345,0.869263862332696,0.9445096153975995,0.056876164558153766,34
2.258414615284313,0.04669091480275456,0.020264950665560635,0.006262058792576813,0,weight,1.4434435756316777e-05,7,66,1,0,hist,"{'gamma': 0, 'importance_type': 'weight', 'learning_rate': 1.4434435756316777e-05, 'max_depth': 7, 'n_estimators': 66, 'reg_alpha': 1, 'reg_lambda': 0, 'tree_method': 'hist'}",0.9824561403508771,0.9559144478393714,0.912375790424571,0.9270965023177413,0.8021015761821366,0.8919148936170214,0.9864740239778667,0.9921235034656585,0.9637305699481866,0.9900297358754591,0.8150773195876287,0.9290267730533196,0.06504369138129777,45,0.9890789952675646,0.9761623790417748,0.9527175237631001,0.9579995144452537,0.8081494057724957,0.8954732510288066,0.9832794983849515,0.9915038232795242,0.9727825030376671,0.9868875086266391,0.862810707456979,0.9433495554640688,0.058155790647629456,46
15.079886501485651,0.6014820643190014,0.011599909175526012,0.0027670700661401757,0,cover,1.9945247698609412e-05,10,25,2,0.6,approx,"{'gamma': 0, 'importance_type': 'cover', 'learning_rate': 1.9945247698609412e-05, 'max_depth': 10, 'n_estimators': 25, 'reg_alpha': 2, 'reg_lambda': 0.6, 'tree_method': 'approx'}",0.9805539186800235,0.957092819614711,0.9054726368159205,0.9185803757828809,0.8316151202749141,0.8962025316455697,0.9868098159509202,0.9878106696216559,0.9542106948447006,0.9910479199578726,0.8279252704031466,0.9306656157811194,0.057319189454590476,27,0.9879868947943211,0.9768704271890488,0.9490616621983914,0.9526584122359796,0.833616298811545,0.8987654320987655,0.9836595097852936,0.9869158878504672,0.9652490886998785,0.9882677708764666,0.8745219885277247,0.945233943006171,0.050437074035505985,24
0.45788567716425116,0.008277774522413416,0.014944466677579012,0.0030637105112157927,1,gain,0.007552800259231136,9,83,1.25,1,gpu_hist,"{'gamma': 1, 'importance_type': 'gain', 'learning_rate': 0.007552800259231136, 'max_depth': 9, 'n_estimators': 83, 'reg_alpha': 1.25, 'reg_lambda': 1, 'tree_method': 'gpu_hist'}",0.9739733950260265,0.9492407809110629,0.9132007233273056,0.9025092554504319,0.737037037037037,0.8703220191470844,0.9842689697717458,0.9892845887173022,0.9667752442996742,0.9903525697246098,0.8054846938775511,0.9165862979354393,0.07926794901814634,79,0.983618492901347,0.9723861222563134,0.953204971971728,0.942461762563729,0.7589134125636672,0.8773662551440329,0.9806194185825575,0.988445199660153,0.9752126366950182,0.9873475960432482,0.8542065009560229,0.9339802153943471,0.07025130947741826,78
0.439505165273493,0.009066919571818655,0.01615574143149636,0.0034875596677963238,0.05,gain,0.00012109962728015481,8,87,0.75,0,gpu_hist,"{'gamma': 0.05, 'importance_type': 'gain', 'learning_rate': 0.00012109962728015481, 'max_depth': 8, 'n_estimators': 87, 'reg_alpha': 0.75, 'reg_lambda': 0, 'tree_method': 'gpu_hist'}",0.9756944444444445,0.9558759283529925,0.9143633892161305,0.9043478260869566,0.7936226749335695,0.8624014022787029,0.9711072934561925,0.9902331442974165,0.967175820604485,0.9928208720014008,0.8075568363752803,0.9213817847315974,0.06852344783451184,72,0.9847105933745904,0.9761623790417748,0.9539361442846698,0.943918426802622,0.8022071307300509,0.8707818930041152,0.9648489454683641,0.9894647408666101,0.9754556500607533,0.9905682079595123,0.856357552581262,0.9371283331067569,0.06110956735918127,73
42.049149383198134,1.0020131907574077,0.02721946889703924,0.008641178126159098,0,weight,0.02995863715688448,12,61,1,0.1,exact,"{'gamma': 0, 'importance_type': 'weight', 'learning_rate': 0.02995863715688448, 'max_depth': 12, 'n_estimators': 61, 'reg_alpha': 1, 'reg_lambda': 0.1, 'tree_method': 'exact'}",0.9847238542890717,0.961335676625659,0.9216674301420064,0.9222408026755852,0.8460236886632826,0.9,0.9878815769289768,0.9889240506329113,0.9672774869109947,0.993368237347295,0.827382902063544,0.9364387005708479,0.05588949412273254,2,0.9905351292318894,0.9792305876799622,0.9583231781623203,0.954843408594319,0.8455008488964346,0.902880658436214,0.9849895496864906,0.9881053525913339,0.9756986634264885,0.9912583390844261,0.8740439770554493,0.9495826993495752,0.04911667278757998,1
0.2616770484230735,0.006928811245593577,0.013548981059681286,0.002578236676272399,0,cover,0.005389489411654747,6,54,5,0,gpu_hist,"{'gamma': 0, 'importance_type': 'cover', 'learning_rate': 0.005389489411654747, 'max_depth': 6, 'n_estimators': 54, 'reg_alpha': 5, 'reg_lambda': 0, 'tree_method': 'gpu_hist'}",0.9739432541980312,0.9542084605320542,0.910158013544018,0.921585160202361,0.6934865900383141,0.8907849829351537,0.9798761609907122,0.991172761664565,0.9628432956381261,0.9891113452757287,0.8019017432646592,0.915370160753066,0.08806782736935129,82,0.983618492901347,0.9752183148454094,0.9514989032415306,0.954843408594319,0.7283531409168081,0.8946502057613168,0.9752992589777694,0.9904842820730672,0.9720534629404617,0.9857372900851161,0.8506214149139579,0.9329434704773729,0.07669376314628491,81
20.17804434082725,0.6626522037799437,0.014732881025834517,0.0039974892804241135,1,cover,1.622533645416655e-05,9,38,1,0,approx,"{'gamma': 1, 'importance_type': 'cover', 'learning_rate': 1.622533645416655e-05, 'max_depth': 9, 'n_estimators': 38, 'reg_alpha': 1, 'reg_lambda': 0, 'tree_method': 'approx'}",0.9811985898942421,0.9566739606126915,0.9070498428378985,0.9161129568106312,0.8042142230026338,0.8941574936494497,0.9854093073260636,0.9868525265325518,0.951165017555059,0.9912372940764108,0.8234146341463414,0.9270441678585432,0.06246730164288548,55,0.9883509282854023,0.9766344111399575,0.9495491104070193,0.9509589706239379,0.8106960950764007,0.897119341563786,0.9819494584837545,0.9858963466440102,0.9628189550425273,0.9884978145847712,0.8702198852772467,0.9420628470117104,0.055604821336754734,54
0.6399771950461648,0.19709831491404034,0.015255039388483221,0.003274667960255586,0.6,weight,0.0313807193214251,7,73,2,0,gpu_hist,"{'gamma': 0.6, 'importance_type': 'weight', 'learning_rate': 0.0313807193214251, 'max_depth': 7, 'n_estimators': 73, 'reg_alpha': 2, 'reg_lambda': 0, 'tree_method': 'gpu_hist'}",0.9756380510440835,0.9471861471861472,0.9098286744815148,0.9004115226337448,0.7538883806038427,0.8624014022787029,0.9783080260303688,0.9897653912769643,0.9655172413793104,0.9901754385964912,0.8069053708439898,0.9163659678504691,0.07576343949859363,80,0.9847105933745904,0.9712060420108567,0.9512551791372167,0.941247875697985,0.7716468590831919,0.8707818930041152,0.9733992019760593,0.9889549702633815,0.9742405832320777,0.9871175523349437,0.8556405353728489,0.9336546623170243,0.0672939392142629,80
1.2266369732943447,0.20391683110154582,0.012581218372691761,0.002191078084694142,0.01,gain,0.0010836477578244422,10,13,1,0.1,gpu_hist,"{'gamma': 0.01, 'importance_type': 'gain', 'learning_rate': 0.0010836477578244422, 'max_depth': 10, 'n_estimators': 13, 'reg_alpha': 1, 'reg_lambda': 0.1, 'tree_method': 'gpu_hist'}",0.9795918367346937,0.9550806803314434,0.9090909090909092,0.912718204488778,0.8301886792452831,0.9154228855721394,0.9791441371852311,0.9886148007590132,0.9673456191399935,0.9899060215802298,0.8234146341463414,0.9318653098430961,0.057331149834376365,20,0.9872588278121587,0.9756903469435921,0.9510114550329027,0.9490167516387472,0.831918505942275,0.9160493827160494,0.9743492304769144,0.9877655055225149,0.9754556500607533,0.9866574649183345,0.8702198852772467,0.945944818758317,0.04985519321467178,19
45.91424569216642,1.6062113595664917,0.02657606384970925,0.008246275716185348,1,gain,0.00023632680854172015,10,76,1,0,approx,"{'gamma': 1, 'importance_type': 'gain', 'learning_rate': 0.00023632680854172015, 'max_depth': 10, 'n_estimators': 76, 'reg_alpha': 1, 'reg_lambda': 0, 'tree_method': 'approx'}",0.9823529411764707,0.9591926283457656,0.9072817729534147,0.9185803757828809,0.8398637137989778,0.8913412563667233,0.9860322333077514,0.9881310333913593,0.9513132607303011,0.9903593339176161,0.8198314970836034,0.9303890951686241,0.05769069594295116,31,0.9890789952675646,0.9780505074345055,0.9500365586156471,0.9526584122359796,0.8404074702886248,0.8946502057613168,0.9827094812844386,0.9872557349192863,0.9630619684082624,0.9873475960432482,0.8671128107074569,0.9447608855423937,0.05044069618338299,33
40.36861439184709,1.0456417230671282,0.023045214739712803,0.007112688440197725,0,weight,1.2552165452777692e-05,7,99,2,0,approx,"{'gamma': 0, 'importance_type': 'weight', 'learning_rate': 1.2552165452777692e-05, 'max_depth': 7, 'n_estimators': 99, 'reg_alpha': 2, 'reg_lambda': 0, 'tree_method': 'approx'}",0.9807130333138515,0.9625715543813298,0.9064748201438848,0.9239815203695926,0.7989464442493415,0.8956743002544528,0.9857296301979438,0.9914826498422714,0.9487097801847721,0.9884169884169883,0.8033099936346277,0.9260009740899142,0.06680950801357644,59,0.9879868947943211,0.9799386358272363,0.9493053863027053,0.9560572954600631,0.8056027164685908,0.8987654320987655,0.9823294698840965,0.9908241291418861,0.9608748481166464,0.9848171152518979,0.8522944550669216,0.9407996707648301,0.05916818916410257,59
46.47517735307867,2.0404919061671407,0.027459491382945667,0.008600232082188014,0.6,gain,0.017531124230967914,11,76,5,0,exact,"{'gamma': 0.6, 'importance_type': 'gain', 'learning_rate': 0.017531124230967914, 'max_depth': 11, 'n_estimators': 76, 'reg_alpha': 5, 'reg_lambda': 0, 'tree_method': 'exact'}",0.9835680751173709,0.9592641261498029,0.9173478655767485,0.9279393173198484,0.8358974358974358,0.897196261682243,0.9881774911715032,0.9868400190264784,0.9660795825179387,0.9928384279475982,0.8238747553816048,0.9344566688898702,0.0577860691794053,7,0.9898070622497269,0.9780505074345055,0.9556422130148672,0.9584850691915513,0.8370118845500849,0.9004115226337449,0.9853695610868326,0.9858963466440102,0.974726609963548,0.9905682079595123,0.8709369024856597,0.9479005352012767,0.05107910252514087,8
6.72599103234031,0.1206426686684941,0.009612235155972567,0.00228732719594527,0.6,cover,1.104649944743657e-05,6,19,4,0,exact,"{'gamma': 0.6, 'importance_type': 'cover', 'learning_rate': 1.104649944743657e-05, 'max_depth': 6, 'n_estimators': 19, 'reg_alpha': 4, 'reg_lambda': 0, 'tree_method': 'exact'}",0.9830310122878877,0.9571303587051618,0.9061517736865737,0.9278176445757704,0.7996485061511422,0.9012658227848102,0.9844495765973826,0.9922798172364896,0.9645988957453719,0.9864983342100648,0.8206627680311891,0.929412228182895,0.06404722514311713,44,0.9894430287586458,0.9768704271890488,0.9490616621983914,0.9584850691915513,0.8064516129032258,0.9037037037037037,0.9808094242827284,0.9916737468139337,0.9735115431348724,0.9822866344605475,0.8680688336520076,0.9436696078444234,0.05693152224001187,44
24.462840600447223,0.8748865853028631,0.017969023097645153,0.005221708242592198,0.6,weight,0.04358500370657449,8,53,1,0,exact,"{'gamma': 0.6, 'importance_type': 'weight', 'learning_rate': 0.04358500370657449, 'max_depth': 8, 'n_estimators': 53, 'reg_alpha': 1, 'reg_lambda': 0, 'tree_method': 'exact'}",0.9836257309941521,0.9558759283529925,0.9139492753623188,0.9140722291407223,0.8104803493449781,0.897196261682243,0.9874078624078624,0.9921235034656585,0.9661898569570871,0.9923023093072079,0.8201298701298702,0.9303048342859175,0.06312637656035479,32,0.9898070622497269,0.9761623790417748,0.9536924201803558,0.9497450837581938,0.8157894736842105,0.9004115226337449,0.9844195325859776,0.9915038232795242,0.974726609963548,0.9898780768345986,0.8675908221797323,0.9448842551264897,0.055894856490058445,30
34.970159725709394,0.9931215338713721,0.023324814709750088,0.0070583515756761145,0,weight,0.31605327294918584,7,86,1,0.1,exact,"{'gamma': 0, 'importance_type': 'weight', 'learning_rate': 0.31605327294918584, 'max_depth': 7, 'n_estimators': 86, 'reg_alpha': 1, 'reg_lambda': 0.1, 'tree_method': 'exact'}",0.9842197545295148,0.9563318777292577,0.9102390617952187,0.922496857980729,0.8056042031523644,0.8909710391822828,0.9858592068859515,0.9921210211156634,0.9652484572913284,0.9900192610751182,0.8214285714285713,0.9295035738332728,0.06373710023802094,40,0.9901710957408082,0.9763983950908662,0.9514989032415306,0.9550861859674679,0.8115449915110357,0.8946502057613168,0.9825194755842676,0.9915038232795242,0.9739975698663427,0.9868875086266391,0.8685468451242829,0.9438913636176438,0.056819410256178315,40
3.4843105619603936,0.046310686908619225,0.026645660400390625,0.00847457736426114,0,cover,0.648453485709451,9,81,2,0.6,hist,"{'gamma': 0, 'importance_type': 'cover', 'learning_rate': 0.648453485709451, 'max_depth': 9, 'n_estimators': 81, 'reg_alpha': 2, 'reg_lambda': 0.6, 'tree_method': 'hist'}",0.9830310122878877,0.9587719298245614,0.919090909090909,0.9169795577805591,0.8261617900172117,0.89957805907173,0.9881811204911742,0.9886184002529245,0.9671544715447153,0.9931853922767779,0.8160362107985775,0.9324353503124571,0.060867242960508265,17,0.9894430287586458,0.9778144913854142,0.9566171094321229,0.9516873027433843,0.8285229202037352,0.9020576131687242,0.9853695610868326,0.9877655055225149,0.9754556500607533,0.9910282953761215,0.8640057361376673,0.9463424739887197,0.05367206510854802,16
2.1286040869626133,0.04634589637578,0.019692724401300602,0.006192918744246576,0,cover,0.32030097507549044,7,61,0.25,0,hist,"{'gamma': 0, 'importance_type': 'cover', 'learning_rate': 0.32030097507549044, 'max_depth': 7, 'n_estimators': 61, 'reg_alpha': 0.25, 'reg_lambda': 0, 'tree_method': 'hist'}",0.9836065573770493,0.9554973821989529,0.9127880704925441,0.9247583018074821,0.8024582967515365,0.8900255754475703,0.9866297833102813,0.9921235034656585,0.9621970920840064,0.9903862961020801,0.823721081785598,0.9294719946202509,0.06378508475019824,41,0.9898070622497269,0.9759263629926835,0.9529612478674141,0.9565428502063608,0.8089983022071308,0.8938271604938272,0.9834695040851226,0.9915038232795242,0.9715674362089914,0.9873475960432482,0.870697896749522,0.9438772038530502,0.057147690612273094,41
5.7163990844379775,0.8051819485602005,0.015876141461459072,0.0034594742850894917,0,cover,0.0013979666001103545,12,98,0.25,2,gpu_hist,"{'gamma': 0, 'importance_type': 'cover', 'learning_rate': 0.0013979666001103545, 'max_depth': 12, 'n_estimators': 98, 'reg_alpha': 0.25, 'reg_lambda': 2, 'tree_method': 'gpu_hist'}",0.97510133178923,0.9562937062937062,0.9131221719457013,0.918375889493512,0.7400555041628122,0.875,0.9849091469048353,0.988487620249172,0.9661458333333334,0.9931710733671862,0.8124598587026333,0.9202838305674657,0.077904104770405,74,0.9843465598835093,0.9763983950908662,0.953204971971728,0.9526584122359796,0.7614601018675722,0.8814814814814815,0.9813794413832415,0.9875955819881054,0.974726609963548,0.9910282953761215,0.8604206500956023,0.9367909546670687,0.06936988910631106,74
41.81274782527577,1.0882447192339555,0.026800935918634586,0.008888163742553213,0,weight,0.06702517792346616,9,81,4,0,exact,"{'gamma': 0, 'importance_type': 'weight', 'learning_rate': 0.06702517792346616, 'max_depth': 9, 'n_estimators': 81, 'reg_alpha': 4, 'reg_lambda': 0, 'tree_method': 'exact'}",0.984182776801406,0.9584245076586434,0.915684496826836,0.922110552763819,0.8197573656845754,0.8962585034013605,0.9877149877149878,0.9919647077359383,0.967762943666558,0.9938779079937029,0.8205461638491548,0.9325713558269985,0.06170848879653633,15,0.9901710957408082,0.9775784753363229,0.9546673165976115,0.954843408594319,0.8234295415959253,0.8995884773662551,0.9847995439863196,0.9913338997451147,0.9759416767922235,0.9919484702093397,0.8680688336520076,0.9465791581469315,0.054703390944097194,14
9.3816237449646,0.2806286421740027,0.00994595614346591,0.0023624988560348877,0.6,gain,0.0004593299349356359,4,39,1.25,0.1,approx,"{'gamma': 0.6, 'importance_type': 'gain', 'learning_rate': 0.0004593299349356359, 'max_depth': 4, 'n_estimators': 39, 'reg_alpha': 1.25, 'reg_lambda': 0.1, 'tree_method': 'approx'}",0.9626998223801065,0.9417852522639069,0.9027841168416249,0.9010615711252655,0.6399197592778334,0.8810344827586206,0.9793401171754549,0.9838862559241707,0.9354430379746835,0.9460697920338385,0.7913262099308611,0.896850037971488,0.09634163468716,99,0.9770658900618857,0.9681378333726693,0.9480867657811357,0.9434328720563243,0.6952461799660441,0.8864197530864197,0.9745392361770853,0.9826677994902294,0.9504252733900365,0.9296066252587992,0.8413001912045889,0.9179025836222926,0.08125083518321093,99
0.355252894488248,0.07998804994270411,0.011248523538762873,0.0014313243127699166,0.25,gain,0.0006480652158693886,7,7,0.25,0.1,gpu_hist,"{'gamma': 0.25, 'importance_type': 'gain', 'learning_rate': 0.0006480652158693886, 'max_depth': 7, 'n_estimators': 7, 'reg_alpha': 0.25, 'reg_lambda': 0.1, 'tree_method': 'gpu_hist'}",0.9824355971896956,0.9496090356211989,0.9063200358583595,0.9226240538267453,0.8408510638297872,0.8900255754475703,0.9641734758013828,0.9919647077359383,0.9633711507293354,0.9909122684376093,0.8124798970730138,0.928615169231876,0.05793092103094163,47,0.9890789952675646,0.9726221383054048,0.9490616621983914,0.9553289633406167,0.8412563667232598,0.8938271604938272,0.9566787003610109,0.9913338997451147,0.9725394896719319,0.988037727168162,0.86065965583174,0.9427658871915476,0.05059896462588285,49
14.902385299856013,0.4816549932999889,0.013423767956820402,0.0034378198116821745,0.25,gain,0.012614170551977085,4,67,0.25,0.1,exact,"{'gamma': 0.25, 'importance_type': 'gain', 'learning_rate': 0.012614170551977085, 'max_depth': 4, 'n_estimators': 67, 'reg_alpha': 0.25, 'reg_lambda': 0.1, 'tree_method': 'exact'}",0.9693757361601885,0.9455958549222798,0.9105691056910569,0.9073212018620397,0.682170542635659,0.9001692047377327,0.9826073572418039,0.9878376243879324,0.9481056988220312,0.9763282482903735,0.7849829351535835,0.908642137264062,0.09024911918526107,96,0.9810702584637787,0.9702619778144914,0.9517426273458445,0.9468317552804079,0.7215619694397284,0.902880658436214,0.9785293558806765,0.9869158878504672,0.9603888213851762,0.968944099378882,0.8343690248565966,0.9275905851029332,0.07762566620788175,94
1.6267275376753374,0.036133282112469065,0.014656803824684837,0.004098802262420442,0,gain,0.00027725366375571314,4,78,2,0.1,hist,"{'gamma': 0, 'importance_type': 'gain', 'learning_rate': 0.00027725366375571314, 'max_depth': 4, 'n_estimators': 78, 'reg_alpha': 2, 'reg_lambda': 0.1, 'tree_method': 'hist'}",0.9657615112160567,0.9459576307825336,0.9098286744815148,0.9170896785109983,0.6942307692307691,0.8934356351236147,0.9824399260628465,0.9892845887173022,0.9458346531517263,0.9700070571630204,0.785470350822726,0.9090309522966461,0.08696874646420164,95,0.9788860575172916,0.9704979938635827,0.9512551791372167,0.9524156348628308,0.7300509337860781,0.897119341563786,0.9783393501805054,0.988445199660153,0.9584447144592952,0.9608925695882218,0.8348470363288719,0.9273812737225303,0.07540170151358305,96
49.20629020170732,1.6842541014201673,0.030210993506691673,0.009766096607429775,0.25,gain,0.01949958294742944,9,97,4,2,exact,"{'gamma': 0.25, 'importance_type': 'gain', 'learning_rate': 0.01949958294742944, 'max_depth': 9, 'n_estimators': 97, 'reg_alpha': 4, 'reg_lambda': 2, 'tree_method': 'exact'}",0.9836065573770493,0.9575863576738085,0.9143633892161305,0.9232704402515723,0.804920913884007,0.8954970263381479,0.9881738596221779,0.9921235034656585,0.9664822648877318,0.9928233852616839,0.8217306441119063,0.9309616674627158,0.06395526509007043,24,0.9898070622497269,0.9771064432381402,0.9539361442846698,0.9555717407137655,0.8115449915110357,0.8987654320987655,0.9853695610868326,0.9915038232795242,0.9749696233292832,0.9905682079595123,0.8690248565965584,0.9452879896679832,0.056981850777870865,23
16.268588001077827,0.4729240228951816,0.013777537779374556,0.003501047802634527,0.05,weight,0.029987693731308766,9,31,1.25,0,exact,"{'gamma': 0.05, 'importance_type': 'weight', 'learning_rate': 0.029987693731308766, 'max_depth': 9, 'n_estimators': 31, 'reg_alpha': 1.25, 'reg_lambda': 0, 'tree_method': 'exact'}",0.9842012873025161,0.9588441330998249,0.9161758042591753,0.9161129568106312,0.8251507321274762,0.8964346349745331,0.9878815769289768,0.9922822491730982,0.966818477553676,0.9944075498077596,0.8205461638491548,0.9326232332624383,0.060985438096469315,14,0.9901710957408082,0.9778144913854142,0.9549110407019255,0.9509589706239379,0.8276740237691002,0.8995884773662551,0.9849895496864906,0.9916737468139337,0.9752126366950182,0.9926386013342535,0.8680688336520076,0.9467001334335585,0.05387274544907555,13
5.579221335324374,0.23717553163516691,0.008982268246737394,0.0019426806501437021,0.05,weight,0.0005991819282478867,10,9,1,0,exact,"{'gamma': 0.05, 'importance_type': 'weight', 'learning_rate': 0.0005991819282478867, 'max_depth': 10, 'n_estimators': 9, 'reg_alpha': 1, 'reg_lambda': 0, 'tree_method': 'exact'}",0.9847238542890717,0.9617918313570487,0.9156079854809437,0.9138359569179784,0.8317677198975234,0.8981324278438031,0.988195615514334,0.9874861397117061,0.967741935483871,0.9897266237158279,0.8178872326636422,0.9324452111705227,0.059791731195795346,16,0.9905351292318894,0.9794666037290536,0.9546673165976115,0.949502306385045,0.83276740237691,0.9012345679012346,0.9853695610868326,0.9865760407816483,0.9759416767922235,0.9864274212100299,0.865678776290631,0.946196982034828,0.05239246552430756,18
1.5444584759798916,0.03991100907062622,0.01525016264481978,0.004288505009744076,0.01,weight,0.4408269274231101,5,62,1,0.6,hist,"{'gamma': 0.01, 'importance_type': 'weight', 'learning_rate': 0.4408269274231101, 'max_depth': 5, 'n_estimators': 62, 'reg_alpha': 1, 'reg_lambda': 0.6, 'tree_method': 'hist'}",0.9765807962529274,0.9546643417611159,0.9029082774049217,0.9321458863443596,0.7041984732824428,0.8954970263381479,0.9849554805035309,0.9918084436042849,0.957161125319693,0.9772727272727272,0.78328173374613,0.9145885738027527,0.08760442822260013,84,0.9854386603567529,0.9754543308945008,0.94711186936388,0.9611556202961884,0.7368421052631579,0.8987654320987655,0.9813794413832415,0.9911639762107052,0.9674362089914945,0.9700943179204049,0.8326959847036329,0.9315943588620659,0.0759896004883981,84
0.41007013754411176,0.09975486915567282,0.014447689056396484,0.0031905264325060834,0,gain,1.5488397038410502e-05,4,47,2,0.1,gpu_hist,"{'gamma': 0, 'importance_type': 'gain', 'learning_rate': 1.5488397038410502e-05, 'max_depth': 4, 'n_estimators': 47, 'reg_alpha': 2, 'reg_lambda': 0.1, 'tree_method': 'gpu_hist'}",0.9668025626092022,0.9533769063180827,0.9084315503173165,0.9146238377007607,0.6872586872586872,0.8946015424164525,0.9813242784380305,0.9875335332176108,0.9586935638808838,0.9806908768821966,0.800886356441912,0.9122021541346487,0.08806094972591666,89,0.9792500910083728,0.9747462827472269,0.9507677309285888,0.9509589706239379,0.7249575551782682,0.8987654320987655,0.9770093102793084,0.9865760407816483,0.9686512758201701,0.9749252357948011,0.8496653919694073,0.9305703015664087,0.0760916755296525,89
1.5880117633125999,0.040252027578493006,0.012420719320123846,0.0030957201780244217,0,weight,2.918189233599643e-05,11,22,4,0,hist,"{'gamma': 0, 'importance_type': 'weight', 'learning_rate': 2.918189233599643e-05, 'max_depth': 11, 'n_estimators': 22, 'reg_alpha': 4, 'reg_lambda': 0, 'tree_method': 'hist'}",0.9835680751173709,0.9588080631025415,0.9186733303044071,0.9174311926605504,0.8349016253207869,0.8943781942078365,0.9887950882578664,0.9866877971473852,0.9645297754637162,0.990413107896113,0.8280379954143465,0.9332931131720837,0.057277397604184925,12,0.9898070622497269,0.9778144913854142,0.9563733853278089,0.9519300801165331,0.8361629881154499,0.8979423868312757,0.9861295838875166,0.9857264231096007,0.9735115431348724,0.9873475960432482,0.8745219885277247,0.947024320793561,0.05063267213421542,11
1.619446407664906,0.028911266698616343,0.01478587497364391,0.00390342909723716,0,weight,7.461343397819961e-05,4,76,1,1,hist,"{'gamma': 0, 'importance_type': 'weight', 'learning_rate': 7.461343397819961e-05, 'max_depth': 4, 'n_estimators': 76, 'reg_alpha': 1, 'reg_lambda': 1, 'tree_method': 'hist'}",0.9663319551092735,0.9451403887688985,0.9094186570527265,0.9277566539923954,0.6954851104707014,0.8954970263381479,0.9819694868238557,0.9881684808329391,0.9465020576131686,0.9747191011235955,0.7857142857142857,0.9106093821672716,0.08697151129012962,93,0.9792500910083728,0.9700259617654,0.9510114550329027,0.9584850691915513,0.730899830220713,0.8987654320987655,0.9777693330799924,0.9872557349192863,0.9589307411907655,0.9668737060041408,0.8350860420650096,0.9285775815069909,0.07546232959343367,93
35.56557947939093,0.943054793213286,0.020799355073408646,0.0060298097196605374,0,cover,6.409060549422041e-05,7,86,1,2,approx,"{'gamma': 0, 'importance_type': 'cover', 'learning_rate': 6.409060549422041e-05, 'max_depth': 7, 'n_estimators': 86, 'reg_alpha': 1, 'reg_lambda': 2, 'tree_method': 'approx'}",0.9807130333138515,0.9625715543813298,0.9060674157303372,0.9235936188077246,0.7989464442493415,0.8954970263381479,0.9855783982816815,0.9914826498422714,0.949314631813835,0.9882394242583815,0.802543720190779,0.9258679924734255,0.0669486050644012,60,0.9879868947943211,0.9799386358272363,0.9490616621983914,0.9558145180869143,0.8056027164685908,0.8987654320987655,0.9821394641839255,0.9908241291418861,0.9613608748481166,0.9845870715435933,0.8515774378585086,0.9406962579136592,0.05924472071309167,60
0.7209090319546786,0.018522565335834493,0.016647295518354935,0.0036206026162958617,0.6,weight,0.00028429524725326046,11,70,1.25,0,gpu_hist,"{'gamma': 0.6, 'importance_type': 'weight', 'learning_rate': 0.00028429524725326046, 'max_depth': 11, 'n_estimators': 70, 'reg_alpha': 1.25, 'reg_lambda': 0, 'tree_method': 'gpu_hist'}",0.9762594093804284,0.9542084605320542,0.9077822762033289,0.8970889708897088,0.7818343722172751,0.8781331028522039,0.9828571428571429,0.9900834251534708,0.9682230869001296,0.9910729914230703,0.8030495552731893,0.9209629812438184,0.0711968172759153,73,0.9850746268656716,0.9752183148454094,0.9500365586156471,0.9390628793396455,0.7920203735144312,0.8839506172839506,0.9789093672810184,0.9892948173322005,0.9761846901579587,0.9882677708764666,0.8518164435946463,0.937257859973368,0.06302223265974882,72
20.159711144187234,0.5932619974501788,0.014311335303566673,0.003964476141462602,0,weight,0.13838234044276557,8,43,2,0,approx,"{'gamma': 0, 'importance_type': 'weight', 'learning_rate': 0.13838234044276557, 'max_depth': 8, 'n_estimators': 43, 'reg_alpha': 2, 'reg_lambda': 0, 'tree_method': 'approx'}",0.9830111306385471,0.9524229074889868,0.9091730682331677,0.9113504556752278,0.7936226749335695,0.8958509737510584,0.9868017188459177,0.9890909090909091,0.95296,0.9894551845342706,0.8477531857813548,0.9283174735430009,0.06132855934028408,48,0.9894430287586458,0.9745102666981355,0.9510114550329027,0.948045642146152,0.8022071307300509,0.8987654320987655,0.9836595097852936,0.9882752761257434,0.9642770352369381,0.9861973775017253,0.891491395793499,0.943443959082532,0.055343196186455654,45
10.040043939243663,0.3263385751326201,0.011389233849265358,0.0031471656690557266,1,weight,1.4664329878974523e-05,7,24,0.25,0,exact,"{'gamma': 1, 'importance_type': 'weight', 'learning_rate': 1.4664329878974523e-05, 'max_depth': 7, 'n_estimators': 24, 'reg_alpha': 0.25, 'reg_lambda': 0, 'tree_method': 'exact'}",0.9842012873025161,0.9546643417611159,0.912375790424571,0.9171178675551853,0.8115183246073298,0.8954970263381479,0.9866256725595696,0.9921210211156634,0.9639961076873175,0.9882641443335086,0.8236061297685033,0.9299988830412207,0.06192856846531908,35,0.9901710957408082,0.9754543308945008,0.9527175237631001,0.9516873027433843,0.8166383701188455,0.8987654320987655,0.9834695040851226,0.9915038232795242,0.9730255164034022,0.9845870715435933,0.870697896749522,0.9444288970382335,0.05493699414006329,35
1.247927102175626,0.028159316668281354,0.010472622784701261,0.0024489751935864957,0,weight,0.02487538032558203,10,15,0.75,0.3,hist,"{'gamma': 0, 'importance_type': 'weight', 'learning_rate': 0.02487538032558203, 'max_depth': 10, 'n_estimators': 15, 'reg_alpha': 0.75, 'reg_lambda': 0.3, 'tree_method': 'hist'}",0.982373678025852,0.9608791208791209,0.9161758042591753,0.922689075630252,0.8334756618274978,0.9010989010989011,0.986797666564323,0.9873377651155428,0.9710192119830674,0.9907520502530099,0.8164188752424048,0.9335470737162861,0.05934686641309537,11,0.9890789952675646,0.9789945716308709,0.9549110407019255,0.9553289633406167,0.83446519524618,0.9037037037037037,0.9836595097852936,0.9864061172472387,0.9783718104495748,0.9878076834598574,0.864244741873805,0.9469974847915118,0.05210091094844335,12
1.3707703677090732,0.4537518092083768,0.014675162055275658,0.0034233519661277054,0,cover,0.1675184627740933,8,34,2,0.3,gpu_hist,"{'gamma': 0, 'importance_type': 'cover', 'learning_rate': 0.1675184627740933, 'max_depth': 8, 'n_estimators': 34, 'reg_alpha': 2, 'reg_lambda': 0.3, 'tree_method': 'gpu_hist'}",0.9750724637681158,0.9533769063180827,0.9157608695652174,0.9316928298684769,0.7577413479052825,0.8909710391822828,0.977170368069576,0.9905630701478453,0.9656735751295337,0.9901892081289418,0.8059891685250081,0.9231091678734876,0.07362347029475148,66,0.9843465598835093,0.9747462827472269,0.9546673165976115,0.9609128429230396,0.7741935483870968,0.8946502057613168,0.9720691620748623,0.989804587935429,0.9742405832320777,0.9871175523349437,0.8544455066921606,0.9382903771426613,0.06575686052898846,69
6.278752066872337,0.30318097528353094,0.016271807930686256,0.0036259905650996883,0,weight,4.3993170723994895e-05,11,30,2,0,gpu_hist,"{'gamma': 0, 'importance_type': 'weight', 'learning_rate': 4.3993170723994895e-05, 'max_depth': 11, 'n_estimators': 30, 'reg_alpha': 2, 'reg_lambda': 0, 'tree_method': 'gpu_hist'}",0.9785258270458503,0.9521322889469103,0.90892696122633,0.9321458863443596,0.7907801418439717,0.906040268456376,0.984757505773672,0.9918084436042849,0.9621236646163807,0.989326334208224,0.8190352865004855,0.9286911462333495,0.06530630277033093,46,0.9865307608299964,0.9740382345999528,0.9507677309285888,0.9611556202961884,0.799660441426146,0.9078189300411522,0.9811894356830705,0.9911639762107052,0.9715674362089914,0.9859673337934207,0.8663957934990439,0.9432959721379323,0.058262675343023526,47
3.691504716873169,0.07205533686315886,0.026707432486794212,0.009119644561536093,1,gain,0.002833311593740628,10,67,1.25,2,hist,"{'gamma': 1, 'importance_type': 'gain', 'learning_rate': 0.002833311593740628, 'max_depth': 10, 'n_estimators': 67, 'reg_alpha': 1.25, 'reg_lambda': 2, 'tree_method': 'hist'}",0.9815805109922757,0.9685701637892873,0.926605504587156,0.9379546427043219,0.8361774744027303,0.8943781942078365,0.9858417974761465,0.9866835764109069,0.9695780176643769,0.9861379189331462,0.8362068965517241,0.9372467907018098,0.0552377300852432,1,0.9887149617764834,0.983242860514515,0.9610041433097734,0.9647972808934208,0.8370118845500849,0.8979423868312757,0.9825194755842676,0.9857264231096007,0.9773997569866343,0.9818265470439383,0.8819311663479924,0.9492833533589079,0.04967675708793803,3
6.101010279221968,1.390032147202979,0.01781366088173606,0.003720031492941607,1,gain,0.004490609246690624,11,82,0.75,0.1,gpu_hist,"{'gamma': 1, 'importance_type': 'gain', 'learning_rate': 0.004490609246690624, 'max_depth': 11, 'n_estimators': 82, 'reg_alpha': 0.75, 'reg_lambda': 0.1, 'tree_method': 'gpu_hist'}",0.9785258270458503,0.9496527777777778,0.9118843199276999,0.888888888888889,0.7846975088967972,0.8791018998272885,0.9862971516551193,0.9905482041587902,0.9697560975609756,0.9942297604476307,0.8183878277759793,0.9229063876329817,0.06935281827393626,68,0.9865307608299964,0.9726221383054048,0.9524737996587862,0.9339645545035202,0.7945670628183361,0.8847736625514403,0.9830894926847805,0.989804587935429,0.9773997569866343,0.9924085576259489,0.8659177820267686,0.939413832357004,0.06148837366318925,64
2.6704836541956123,0.09035713540805457,0.021823557940396397,0.007301787078213745,0.6,cover,0.8199964304538988,8,72,4,0.1,hist,"{'gamma': 0.6, 'importance_type': 'cover', 'learning_rate': 0.8199964304538988, 'max_depth': 8, 'n_estimators': 72, 'reg_alpha': 4, 'reg_lambda': 0.1, 'tree_method': 'hist'}",0.9836065573770493,0.9617918313570487,0.9202733485193623,0.917331095258078,0.8298969072164948,0.8904109589041096,0.9761166253101737,0.9922749487624153,0.9687906371911574,0.9900052603892688,0.8325106943073379,0.9330008058720451,0.05740033457467721,13,0.9898070622497269,0.9794666037290536,0.9573482817450646,0.952172857489682,0.831918505942275,0.8946502057613168,0.9707391221736652,0.9916737468139337,0.976670716889429,0.9868875086266391,0.8783460803059273,0.9463346083387921,0.05111819316859497,17
36.135207479650326,1.19332672568058,0.021116646853360264,0.006016339089248608,0.25,cover,0.0016289613669918132,9,66,0.25,0.1,approx,"{'gamma': 0.25, 'importance_type': 'cover', 'learning_rate': 0.0016289613669918132, 'max_depth': 9, 'n_estimators': 66, 'reg_alpha': 0.25, 'reg_lambda': 0.1, 'tree_method': 'approx'}",0.9817968291250734,0.9587719298245614,0.9054235768713581,0.9164241164241165,0.8083989501312336,0.8932203389830508,0.9860193578122599,0.9868525265325518,0.9532949456174024,0.9914170607812226,0.819448946515397,0.9273698707834751,0.06271807739593818,52,0.9887149617764834,0.9778144913854142,0.9485742139897636,0.9512017479970867,0.8140916808149405,0.8962962962962963,0.9827094812844386,0.9858963466440102,0.9645200486026732,0.9887278582930756,0.8668738049713193,0.9423109938232272,0.0555631518571881,52
29.080326600508258,0.7847862693703739,0.020563364028930664,0.00628991298982898,0.6,weight,0.0002936892694022746,6,86,1,2,exact,"{'gamma': 0.6, 'importance_type': 'weight', 'learning_rate': 0.0002936892694022746, 'max_depth': 6, 'n_estimators': 86, 'reg_alpha': 1, 'reg_lambda': 2, 'tree_method': 'exact'}",0.9812865497076024,0.9542483660130718,0.9021010281627179,0.9255989911727617,0.8017621145374448,0.8964346349745331,0.9857076994006455,0.9916469661150513,0.9589925734581854,0.9882517972996668,0.8101184758245277,0.9269226542423826,0.06536092143653736,57,0.9883509282854023,0.9752183148454094,0.9466244211552522,0.9570284049526584,0.8089983022071308,0.8995884773662551,0.9823294698840965,0.9909940526762957,0.9691373025516403,0.9845870715435933,0.8582695984703633,0.9419205767216451,0.057662795655850224,55
0.8388757055455988,0.08713063291130431,0.013941049575805664,0.002666993601436838,0.25,gain,0.0004433741050696985,10,47,1,1,gpu_hist,"{'gamma': 0.25, 'importance_type': 'gain', 'learning_rate': 0.0004433741050696985, 'max_depth': 10, 'n_estimators': 47, 'reg_alpha': 1, 'reg_lambda': 1, 'tree_method': 'gpu_hist'}",0.9762594093804284,0.9533769063180827,0.9178393100317748,0.9014778325123153,0.7358665430954586,0.864154250657318,0.9787761425251743,0.9897589412320783,0.9661458333333334,0.9889415481832543,0.8118366034094564,0.9167666655162432,0.07887757900305578,78,0.9850746268656716,0.9747462827472269,0.9558859371191811,0.9417334304442826,0.7580645161290323,0.8724279835390947,0.9739692190765723,0.9889549702633815,0.974726609963548,0.9855072463768116,0.8601816443594646,0.9337520424440243,0.0700193471243299,79
3.4722065275365654,0.09956870291607652,0.008203723213889381,0.0017268376389065001,0.05,weight,0.0001504172897395845,8,7,1,1,exact,"{'gamma': 0.05, 'importance_type': 'weight', 'learning_rate': 0.0001504172897395845, 'max_depth': 8, 'n_estimators': 7, 'reg_alpha': 1, 'reg_lambda': 1, 'tree_method': 'exact'}",0.9853027630805409,0.9563318777292577,0.914027149321267,0.9118012422360249,0.8017621145374448,0.9035532994923857,0.9878778579100813,0.9921235034656585,0.967741935483871,0.9912587412587412,0.8195976638546398,0.9301252862154468,0.06470720047387986,34,0.9908991627229705,0.9763983950908662,0.9536924201803558,0.9482884195193008,0.8089983022071308,0.9061728395061729,0.9849895496864906,0.9915038232795242,0.9759416767922235,0.9884978145847712,0.8671128107074569,0.9447722922070239,0.0570964377298346,32
4.967350049452349,0.15350425316696237,0.008650042793967506,0.0018758650898639468,0.25,weight,0.04133441557907833,10,8,1,0,approx,"{'gamma': 0.25, 'importance_type': 'weight', 'learning_rate': 0.04133441557907833, 'max_depth': 10, 'n_estimators': 8, 'reg_alpha': 1, 'reg_lambda': 0, 'tree_method': 'approx'}",0.9817539729252501,0.9588080631025415,0.9022082018927444,0.9164241164241165,0.8368915456874466,0.8930390492359932,0.9860279441117763,0.9881310333913593,0.9522894652577649,0.9903660886319846,0.8202465931213497,0.9296532794347571,0.058156593821085616,39,0.9887149617764834,0.9778144913854142,0.94711186936388,0.9512017479970867,0.8378607809847198,0.8962962962962963,0.9827094812844386,0.9872557349192863,0.9637910085054678,0.9873475960432482,0.8675908221797323,0.9443358900669139,0.05065289703325253,37
11.655574950304898,0.24074019580956424,0.010669361461292614,0.0026722099119188443,0.6,gain,0.0009883267733867978,4,45,1,0.3,approx,"{'gamma': 0.6, 'importance_type': 'gain', 'learning_rate': 0.0009883267733867978, 'max_depth': 4, 'n_estimators': 45, 'reg_alpha': 1, 'reg_lambda': 0.3, 'tree_method': 'approx'}",0.9626998223801065,0.9433145824318477,0.9027841168416249,0.9014443500424809,0.6399197592778334,0.8819982773471147,0.9793401171754549,0.9838862559241707,0.9354430379746835,0.9646001796945193,0.7913262099308611,0.8987960644564271,0.09739248184865364,97,0.9770658900618857,0.9690818975690347,0.9480867657811357,0.9436756494294731,0.6952461799660441,0.8872427983539095,0.9745392361770853,0.9826677994902294,0.9504252733900365,0.9546813894639982,0.8413001912045889,0.9203648246261291,0.08192276761688426,97
18.52997636795044,0.6223398287746245,0.014280210841785778,0.003981507055116473,0,cover,0.11495159971869155,7,44,1,1,approx,"{'gamma': 0, 'importance_type': 'cover', 'learning_rate': 0.11495159971869155, 'max_depth': 7, 'n_estimators': 44, 'reg_alpha': 1, 'reg_lambda': 1, 'tree_method': 'approx'}",0.9812646370023419,0.9625715543813298,0.9048473967684022,0.9235936188077246,0.791150442477876,0.8954970263381479,0.9855739717618169,0.9914826498422714,0.9495851946394385,0.988421052631579,0.8040777317617075,0.9252786614920577,0.06816338472127495,62,0.9883509282854023,0.9799386358272363,0.9483304898854497,0.9558145180869143,0.799660441426146,0.8987654320987655,0.9821394641839255,0.9908241291418861,0.9616038882138518,0.9848171152518979,0.8530114722753346,0.9402960467888009,0.06033847894680131,62
0.15099538456309924,0.00956806463835529,0.010814796794544567,0.0015473858855902488,0,cover,0.0028936875501929652,4,8,1.25,0.6,gpu_hist,"{'gamma': 0, 'importance_type': 'cover', 'learning_rate': 0.0028936875501929652, 'max_depth': 4, 'n_estimators': 8, 'reg_alpha': 1.25, 'reg_lambda': 0.6, 'tree_method': 'gpu_hist'}",0.9712609970674487,0.941530524505589,0.922089825847846,0.9304495335029686,0.6834462729912876,0.8924914675767918,0.9808641975308642,0.9930708661417322,0.9500477251034043,0.9847555633432628,0.7926065162907269,0.9129648627183566,0.09032457850491674,86,0.9821623589370222,0.967901817323578,0.9585669022666342,0.9601845108035931,0.7224108658743633,0.8962962962962963,0.9764392931787954,0.9925233644859813,0.9618469015795869,0.9799861973775017,0.8417782026768642,0.9309178828000196,0.0783153661608955,86
1.2139302600513806,0.022534747687733805,0.009916500611738726,0.002316022805859991,0.05,weight,0.27822229711150215,11,12,1.25,0.1,hist,"{'gamma': 0.05, 'importance_type': 'weight', 'learning_rate': 0.27822229711150215, 'max_depth': 11, 'n_estimators': 12, 'reg_alpha': 1.25, 'reg_lambda': 0.1, 'tree_method': 'hist'}",0.9805768098881696,0.9591926283457656,0.9206927985414768,0.9155222638368706,0.8391489361702127,0.9044801352493661,0.9864823348694316,0.9863708399366086,0.96875,0.9886621315192744,0.820929476763081,0.933709850465478,0.05694283533292163,10,0.9879868947943211,0.9780505074345055,0.9575920058493785,0.950716193250789,0.8395585738539898,0.9069958847736626,0.9832794983849515,0.9853865760407816,0.976670716889429,0.9850471589602025,0.8683078393881453,0.9472356226927414,0.04974805974872642,10
3.869285475124012,1.2360205890880083,0.015345400029962713,0.0032854076615437128,1,cover,0.010945635516247288,11,34,1.25,0.3,gpu_hist,"{'gamma': 1, 'importance_type': 'cover', 'learning_rate': 0.010945635516247288, 'max_depth': 11, 'n_estimators': 34, 'reg_alpha': 1.25, 'reg_lambda': 0.3, 'tree_method': 'gpu_hist'}",0.9756944444444445,0.9592284085927224,0.9147005444646098,0.9312393887945671,0.7660343270099368,0.8814432989690721,0.9638251022334068,0.9916469661150513,0.9702517162471396,0.990022755119902,0.8140283140283139,0.9234650241835606,0.07107452643950472,64,0.9847105933745904,0.9780505074345055,0.9541798683889837,0.9606700655498908,0.7801358234295416,0.8864197530864197,0.9562986889606688,0.9909940526762957,0.9778857837181045,0.9868875086266391,0.8618546845124283,0.9380079390689153,0.06400670921145188,71
1.3682820146734065,0.04269200315909191,0.013724565505981445,0.004219708845919839,0.01,cover,0.12055464960189809,7,33,1,0.6,hist,"{'gamma': 0.01, 'importance_type': 'cover', 'learning_rate': 0.12055464960189809, 'max_depth': 7, 'n_estimators': 33, 'reg_alpha': 1, 'reg_lambda': 0.6, 'tree_method': 'hist'}",0.9847953216374269,0.9567118495846088,0.908273381294964,0.9273648648648649,0.8073555166374781,0.8964346349745331,0.986478180700676,0.9922773837667453,0.9662775616083009,0.9884575026232949,0.8096,0.9294569270629901,0.06512774678247799,43,0.9905351292318894,0.9766344111399575,0.950280282719961,0.9582422918184025,0.8132427843803056,0.8995884773662551,0.9832794983849515,0.9916737468139337,0.974726609963548,0.9848171152518979,0.857791586998088,0.9437101758244719,0.0575242507986027,43
1.8602997823195024,0.17621904829603938,0.01609303734519265,0.0030611375445538424,0.25,weight,0.3118391279449479,6,93,1.25,2,gpu_hist,"{'gamma': 0.25, 'importance_type': 'weight', 'learning_rate': 0.3118391279449479, 'max_depth': 6, 'n_estimators': 93, 'reg_alpha': 1.25, 'reg_lambda': 2, 'tree_method': 'gpu_hist'}",0.9767711962833914,0.9488291413703382,0.9150090415913201,0.9078073089700998,0.7083333333333334,0.8696412948381452,0.979705654531371,0.9892845887173022,0.9589660743134086,0.9862676056338028,0.8001265022137889,0.9127947037996638,0.08508812684438266,87,0.9854386603567529,0.9721501062072221,0.9541798683889837,0.9461034231609614,0.7385398981324278,0.8773662551440329,0.9751092532775983,0.988445199660153,0.9691373025516403,0.9820565907522429,0.8489483747609943,0.9306795393084554,0.07469814049211859,87
5.63008679043163,0.11411702001321153,0.03258869864723899,0.009430060088534845,0.01,weight,1.5273990606928078e-05,12,73,1,2,hist,"{'gamma': 0.01, 'importance_type': 'weight', 'learning_rate': 1.5273990606928078e-05, 'max_depth': 12, 'n_estimators': 73, 'reg_alpha': 1, 'reg_lambda': 2, 'tree_method': 'hist'}",0.9847417840375587,0.9617582417582419,0.9211845102505695,0.9232060428031893,0.8430873621713316,0.897196261682243,0.9874194538201903,0.9874782057378348,0.9674054758800521,0.9917846530326866,0.8350413223140495,0.9363912103170862,0.05489170280774219,3,0.9905351292318894,0.9794666037290536,0.9578357299536924,0.9555717407137655,0.8429541595925297,0.9004115226337449,0.9844195325859776,0.9865760407816483,0.9756986634264885,0.9891879457096848,0.880736137667304,0.9493993823659799,0.048648826271493376,2
21.3417800990018,0.876177231607138,0.01436493613503196,0.0039390930796944805,0,gain,0.03475318342207822,5,69,1.25,2,approx,"{'gamma': 0, 'importance_type': 'gain', 'learning_rate': 0.03475318342207822, 'max_depth': 5, 'n_estimators': 69, 'reg_alpha': 1.25, 'reg_lambda': 2, 'tree_method': 'approx'}",0.9783245459871119,0.9617245930488343,0.9016979445933869,0.9205020920502092,0.6923076923076924,0.8853288364249579,0.9809640773718145,0.9917955190911959,0.9522894652577649,0.9755926251097454,0.7843866171003718,0.9113558189402806,0.08999858692934863,90,0.9865307608299964,0.9794666037290536,0.9463806970509383,0.9538722991017237,0.7283531409168081,0.8880658436213992,0.9764392931787954,0.9911639762107052,0.9637910085054678,0.9680239245456637,0.8336520076481836,0.9287035959398849,0.07784048626195422,91
16.576035781340167,0.6410521337978786,0.011968829415061256,0.003071767969438065,1,gain,0.7832762282323095,4,65,0.75,1,approx,"{'gamma': 1, 'importance_type': 'gain', 'learning_rate': 0.7832762282323095, 'max_depth': 4, 'n_estimators': 65, 'reg_alpha': 0.75, 'reg_lambda': 1, 'tree_method': 'approx'}",0.9626998223801065,0.9437229437229437,0.9027841168416249,0.9018274543136422,0.6406406406406406,0.8819982773471147,0.9796547472256474,0.9838862559241707,0.9354430379746835,0.9460697920338385,0.7913262099308611,0.8972775725759341,0.09626397231737027,98,0.9770658900618857,0.969317913618126,0.9480867657811357,0.943918426802622,0.6952461799660441,0.8872427983539095,0.9749192475774273,0.9826677994902294,0.9504252733900365,0.9296066252587992,0.8413001912045889,0.918163373773164,0.08132703897407696,98
27.260891025716607,0.9120605589262658,0.019829338247125797,0.005869435741305634,0.01,gain,0.005470092566145019,8,58,0.75,0,exact,"{'gamma': 0.01, 'importance_type': 'gain', 'learning_rate': 0.005470092566145019, 'max_depth': 8, 'n_estimators': 58, 'reg_alpha': 0.75, 'reg_lambda': 0, 'tree_method': 'exact'}",0.9836257309941521,0.9567118495846088,0.9139492753623188,0.9156626506024096,0.8094405594405594,0.8964346349745331,0.9874078624078624,0.9919647077359383,0.9658758531036724,0.9926573426573426,0.8210457940889898,0.9304342055411261,0.06319586574646173,30,0.9898070622497269,0.9766344111399575,0.9536924201803558,0.950716193250789,0.8149405772495756,0.8995884773662551,0.9844195325859776,0.9913338997451147,0.9744835965978129,0.9903381642512077,0.8683078393881453,0.9449329249095378,0.05608556862999788,29
31.240167531100187,1.0993406658391816,0.01817666400562633,0.005044198782522387,0.25,gain,1.191110566749088e-05,6,88,2,0,approx,"{'gamma': 0.25, 'importance_type': 'gain', 'learning_rate': 1.191110566749088e-05, 'max_depth': 6, 'n_estimators': 88, 'reg_alpha': 2, 'reg_lambda': 0, 'tree_method': 'approx'}",0.9771796372147455,0.9516760992599043,0.897287683414851,0.9178139340842719,0.8134715025906735,0.8983050847457628,0.9851067096576078,0.9918032786885246,0.9496173469387755,0.989107519325369,0.7820433436532508,0.9230374672339763,0.06781705751131657,67,0.985802693847834,0.9738022185508615,0.9436997319034852,0.952172857489682,0.8166383701188455,0.9012345679012346,0.9815694470834125,0.9911639762107052,0.9616038882138518,0.9857372900851161,0.8317399617590823,0.9386513639240099,0.05933558002186388,66
5.140593658794057,0.12442535650298557,0.008712573484940962,0.0018098677134998512,0.01,cover,0.0017661010977802556,9,9,1,0,approx,"{'gamma': 0.01, 'importance_type': 'cover', 'learning_rate': 0.0017661010977802556, 'max_depth': 9, 'n_estimators': 9, 'reg_alpha': 1, 'reg_lambda': 0, 'tree_method': 'approx'}",0.9794480328831473,0.9533769063180827,0.9046126287505599,0.9124117891241179,0.8073555166374781,0.8932203389830508,0.9855606758832566,0.9890943575154102,0.9508301404853129,0.9917616126205082,0.835259161439419,0.9275391964218492,0.0603599829695038,49,0.9872588278121587,0.9747462827472269,0.9480867657811357,0.9487739742655984,0.8132427843803056,0.8962962962962963,0.9821394641839255,0.9882752761257434,0.9625759416767922,0.9891879457096848,0.880736137667304,0.942847245149652,0.05395189709521803,48
1.0546226284720681,0.013804604384529047,0.01102636077187278,0.002756582265060807,0,gain,0.021522271881499546,5,33,1,0.1,hist,"{'gamma': 0, 'importance_type': 'gain', 'learning_rate': 0.021522271881499546, 'max_depth': 5, 'n_estimators': 33, 'reg_alpha': 1, 'reg_lambda': 0.1, 'tree_method': 'hist'}",0.9782991202346042,0.9575863576738085,0.9061517736865737,0.9309614570097416,0.709125475285171,0.8928571428571428,0.9847996315062183,0.9908747640025173,0.9586405899326707,0.9749956286063998,0.7874260815437286,0.915610729303507,0.08604016421508319,81,0.9865307608299964,0.9771064432381402,0.9490616621983914,0.960427288176742,0.7402376910016978,0.8962962962962963,0.9811894356830705,0.9901444350042481,0.9686512758201701,0.9671037497124454,0.8367590822179732,0.9321371018344702,0.07483407984012094,83
21.718529311093416,0.8326249029767291,0.01566481590270996,0.0046416766128690905,0.6,weight,0.13310588993930675,6,57,1,0.3,approx,"{'gamma': 0.6, 'importance_type': 'weight', 'learning_rate': 0.13310588993930675, 'max_depth': 6, 'n_estimators': 57, 'reg_alpha': 1, 'reg_lambda': 0.3, 'tree_method': 'approx'}",0.9771796372147455,0.9545851528384279,0.8973789426921369,0.9136212624584716,0.8124459809853068,0.8990670059372351,0.985418265541059,0.9918032786885246,0.9484076433121019,0.9889337783242579,0.7820433436532508,0.9228076628768652,0.06806651033600286,69,0.985802693847834,0.9754543308945008,0.9436997319034852,0.949502306385045,0.8157894736842105,0.9020576131687242,0.9819494584837545,0.9911639762107052,0.9606318347509113,0.9855072463768116,0.8317399617590823,0.9384816934059151,0.05946406663953465,67
5.90292087468234,0.17474197151108192,0.04082452167164196,0.01204402256462589,0.01,weight,0.0033252649577662206,11,96,1,1,hist,"{'gamma': 0.01, 'importance_type': 'weight', 'learning_rate': 0.0033252649577662206, 'max_depth': 11, 'n_estimators': 96, 'reg_alpha': 1, 'reg_lambda': 1, 'tree_method': 'hist'}",0.9835873388042204,0.9617582417582419,0.9224452554744524,0.9212730318257957,0.8411214953271027,0.8962585034013605,0.9870928088506453,0.9878029463012831,0.9696969696969698,0.9910885899004019,0.8265706806282722,0.9353359874517042,0.05668425987162493,4,0.9898070622497269,0.9794666037290536,0.9585669022666342,0.9543578538480214,0.8412563667232598,0.8995884773662551,0.9840395211856355,0.9869158878504672,0.9773997569866343,0.9882677708764666,0.8733269598470363,0.9484539239026536,0.05000078818332542,4
1.049435550516302,0.018597851051129273,0.01092529296875,0.002248120706285379,0,weight,2.1314676169455276e-05,7,20,4,0,hist,"{'gamma': 0, 'importance_type': 'weight', 'learning_rate': 2.1314676169455276e-05, 'max_depth': 7, 'n_estimators': 20, 'reg_alpha': 4, 'reg_lambda': 0, 'tree_method': 'hist'}",0.9836065573770493,0.9575863576738085,0.9105691056910569,0.9275484414490311,0.8056042031523644,0.8967851099830795,0.9864740239778667,0.9921210211156634,0.9618863049095607,0.9919608528486543,0.812199036918138,0.929667365008752,0.06493062961242202,38,0.9898070622497269,0.9771064432381402,0.9517426273458445,0.9582422918184025,0.8115449915110357,0.8995884773662551,0.9832794983849515,0.9915038232795242,0.9713244228432564,0.9894179894179894,0.8601816443594646,0.9439762974376901,0.05768901576173871,39
14.343452020124955,0.402984556243199,0.01148852435025302,0.0029339774902537585,0,cover,0.0009875576413867478,4,56,5,0,approx,"{'gamma': 0, 'importance_type': 'cover', 'learning_rate': 0.0009875576413867478, 'max_depth': 4, 'n_estimators': 56, 'reg_alpha': 5, 'reg_lambda': 0, 'tree_method': 'approx'}",0.9621749408983452,0.9437229437229437,0.9027841168416249,0.8991525423728813,0.6392785571142285,0.8819982773471147,0.9796547472256474,0.9838862559241707,0.9347688410386321,0.9460507757404797,0.7913262099308611,0.8967998371051755,0.09652804184906844,100,0.9767018565708045,0.969317913618126,0.9480867657811357,0.9422189851905802,0.6943972835314092,0.8872427983539095,0.9749192475774273,0.9826677994902294,0.9499392466585662,0.9296066252587992,0.8413001912045889,0.9178544284759614,0.081449689455985,100
0.6247728954661976,0.02536855077553253,0.01466248252175071,0.002951839908697943,0.01,cover,0.0003160851958697312,11,38,1,0.6,gpu_hist,"{'gamma': 0.01, 'importance_type': 'cover', 'learning_rate': 0.0003160851958697312, 'max_depth': 11, 'n_estimators': 38, 'reg_alpha': 1, 'reg_lambda': 0.6, 'tree_method': 'gpu_hist'}",0.9773913043478261,0.9480069324090121,0.9168559745570195,0.914380714879468,0.7486238532110092,0.8860325621251072,0.9853688587709843,0.9900552486187845,0.9668831168831169,0.9928359252140486,0.812720848056537,0.921741394461174,0.07556006972773044,71,0.985802693847834,0.9716780741090394,0.9553984889105532,0.9499878611313426,0.767402376910017,0.8905349794238683,0.9819494584837545,0.9892948173322005,0.9752126366950182,0.9905682079595123,0.86065965583174,0.9380444773304436,0.06736239894471407,70
25.239348715001885,0.7301317195021245,0.01623897119001909,0.004470249364298022,0,weight,0.12410617049391544,7,61,4,0,approx,"{'gamma': 0, 'importance_type': 'weight', 'learning_rate': 0.12410617049391544, 'max_depth': 7, 'n_estimators': 61, 'reg_alpha': 4, 'reg_lambda': 0, 'tree_method': 'approx'}",0.9806904622586309,0.9608791208791209,0.9060674157303372,0.9235936188077246,0.7932862190812721,0.8964346349745331,0.9857296301979438,0.9913235526108218,0.949520766773163,0.9880576044959606,0.8028034405861739,0.9253078605814257,0.06776231682448769,61,0.9879868947943211,0.9789945716308709,0.9490616621983914,0.9558145180869143,0.801358234295416,0.8995884773662551,0.9823294698840965,0.9906542056074766,0.9616038882138518,0.9843570278352887,0.8520554493307839,0.9403458544766969,0.05995073465823946,61
25.18899304216558,0.5722098014572993,0.015633453022349964,0.004356333913409623,0,weight,0.06281793708660634,5,84,5,0,approx,"{'gamma': 0, 'importance_type': 'weight', 'learning_rate': 0.06281793708660634, 'max_depth': 5, 'n_estimators': 84, 'reg_alpha': 5, 'reg_lambda': 0, 'tree_method': 'approx'}",0.9783245459871119,0.9617245930488343,0.9021010281627179,0.9205020920502092,0.69164265129683,0.8853288364249579,0.9809640773718145,0.9919545669663985,0.9516180711310477,0.9754127151387426,0.7843866171003718,0.9112690722435488,0.0901157373475727,91,0.9865307608299964,0.9794666037290536,0.9466244211552522,0.9538722991017237,0.7275042444821732,0.8880658436213992,0.9764392931787954,0.9913338997451147,0.9633049817739976,0.9677938808373591,0.8336520076481836,0.9285989305548225,0.07802641245636187,92
10.336505369706588,0.261238297874987,0.01106758551164107,0.0026359935421463427,0,cover,0.0010549354967392026,8,21,1,0,exact,"{'gamma': 0, 'importance_type': 'cover', 'learning_rate': 0.0010549354967392026, 'max_depth': 8, 'n_estimators': 21, 'reg_alpha': 1, 'reg_lambda': 0, 'tree_method': 'exact'}",0.9847775175644028,0.9542084605320542,0.9144409234947941,0.9149024491490244,0.8217993079584776,0.9009314140558848,0.987411728584587,0.9922822491730982,0.967762943666558,0.9903728338876246,0.8177403690514731,0.9315118361016345,0.06137234058502965,21,0.9905351292318894,0.9752183148454094,0.9539361442846698,0.9502306385044914,0.8251273344651953,0.9037037037037037,0.9844195325859776,0.9916737468139337,0.9759416767922235,0.9873475960432482,0.8654397705544933,0.9457794170750214,0.0539147820709127,20
2.9880405989560215,0.06653625613544353,0.022758852351795544,0.007133716673803774,0.6,weight,2.1949516450826233e-05,9,62,1,0,hist,"{'gamma': 0.6, 'importance_type': 'weight', 'learning_rate': 2.1949516450826233e-05, 'max_depth': 9, 'n_estimators': 62, 'reg_alpha': 1, 'reg_lambda': 0, 'tree_method': 'hist'}",0.9818394844756884,0.9639084507042254,0.9128668171557562,0.925084175084175,0.8183391003460208,0.8975444538526672,0.9662745098039215,0.9884475391675899,0.9693211488250653,0.9912434325744308,0.8410529823392202,0.9323565540298874,0.05685363685950576,18,0.9887149617764834,0.9806466839745103,0.9529612478674141,0.9567856275795096,0.8217317487266553,0.9004115226337449,0.9591487744632339,0.9875955819881054,0.9771567436208991,0.9884978145847712,0.8859942638623327,0.9454222700979692,0.0513345209517489,22
4.853875008496371,0.170792066047724,0.00902602889321067,0.002062699992809465,0,cover,0.768606660619053,5,15,4,0,approx,"{'gamma': 0, 'importance_type': 'cover', 'learning_rate': 0.768606660619053, 'max_depth': 5, 'n_estimators': 15, 'reg_alpha': 4, 'reg_lambda': 0, 'tree_method': 'approx'}",0.9759248385202585,0.9621478873239437,0.9016979445933869,0.9224318658280923,0.6834462729912876,0.8853288364249579,0.9809640773718145,0.9878835562549173,0.9488817891373802,0.9752327419638152,0.7843866171003718,0.909847857046384,0.09138904824774423,94,0.9850746268656716,0.9797026197781449,0.9463806970509383,0.9550861859674679,0.7224108658743633,0.8880658436213992,0.9764392931787954,0.9869158878504672,0.9611178614823815,0.9675638371290545,0.8336520076481836,0.9274917933133515,0.07876435159451634,95
2.5101796713742344,0.0679378570003497,0.022371985695578835,0.006802653245226909,0.05,gain,0.4760652914583669,7,77,4,1,hist,"{'gamma': 0.05, 'importance_type': 'gain', 'learning_rate': 0.4760652914583669, 'max_depth': 7, 'n_estimators': 77, 'reg_alpha': 4, 'reg_lambda': 1, 'tree_method': 'hist'}",0.9806904622586309,0.9571678321678321,0.9111411817771763,0.9228834870075441,0.8055797733217088,0.891156462585034,0.9869371446134931,0.9921235034656585,0.9640660407898995,0.9884453781512605,0.8371939113170086,0.9306713797686588,0.061042953860408825,26,0.9879868947943211,0.9768704271890488,0.9519863514501584,0.9553289633406167,0.8106960950764007,0.8946502057613168,0.9838495154854645,0.9915038232795242,0.9730255164034022,0.9848171152518979,0.8824091778202677,0.9448294623502199,0.05522824399133123,31
2.15641188621521,0.06543927623206643,0.014194380153309216,0.0037340419133541857,0,gain,0.00012605359604311552,12,29,4,0.3,hist,"{'gamma': 0, 'importance_type': 'gain', 'learning_rate': 0.00012605359604311552, 'max_depth': 12, 'n_estimators': 29, 'reg_alpha': 4, 'reg_lambda': 0.3, 'tree_method': 'hist'}",0.9818607372732592,0.958005249343832,0.9228662711090826,0.9258635214827297,0.8404074702886247,0.8983050847457628,0.9880184331797235,0.9874861397117061,0.9656750572082381,0.9910854745673833,0.8233376792698827,0.9348101016527477,0.05670538069775487,6,0.9887149617764834,0.9773424592872315,0.958810626370948,0.9572711823258072,0.8404074702886248,0.9012345679012346,0.9851795553866616,0.9865760407816483,0.9744835965978129,0.9882677708764666,0.8704588910133844,0.9480679202369366,0.05017292636671116,6
9.930939110842617,0.2349662364187475,0.009763262488625267,0.002469405324375336,0.6,cover,0.05010325338889751,11,15,5,1,approx,"{'gamma': 0.6, 'importance_type': 'cover', 'learning_rate': 0.05010325338889751, 'max_depth': 11, 'n_estimators': 15, 'reg_alpha': 5, 'reg_lambda': 1, 'tree_method': 'approx'}",0.9787735849056605,0.9558373414954089,0.9095043201455207,0.9172932330827067,0.8003533568904594,0.8980623420387531,0.9861581051984005,0.9881310333913593,0.958118556701031,0.988957055214724,0.8209549071618037,0.9274676214750752,0.06330019317666587,50,0.9868947943210775,0.9761623790417748,0.9514989032415306,0.9519300801165331,0.8081494057724957,0.9004115226337449,0.9828994869846095,0.9872557349192863,0.968408262454435,0.9855072463768116,0.8709369024856597,0.9427322471225419,0.05589944019347382,50
28.173870736902412,0.8623356647880267,0.01780546795238148,0.004852898330653157,0,gain,0.00043886500960207313,10,47,0.75,0,approx,"{'gamma': 0, 'importance_type': 'gain', 'learning_rate': 0.00043886500960207313, 'max_depth': 10, 'n_estimators': 47, 'reg_alpha': 0.75, 'reg_lambda': 0, 'tree_method': 'approx'}",0.9811764705882354,0.9583516001753617,0.9075249320036264,0.9148317407561279,0.8398637137989778,0.8903993203058623,0.9860365198711063,0.9879708768597658,0.9506093649775497,0.9907131592780796,0.8198314970836034,0.9297553814271179,0.05768157231989144,36,0.9883509282854023,0.9775784753363229,0.950280282719961,0.9502306385044914,0.8404074702886248,0.8938271604938272,0.9827094812844386,0.9870858113848768,0.9625759416767922,0.9878076834598574,0.8671128107074569,0.9443606076492774,0.05040806841350368,36
19.652173909274016,2.771845133659204,0.010282061316750267,0.0029070758377560493,0.6,cover,0.00039781833389458416,11,36,4,1,approx,"{'gamma': 0.6, 'importance_type': 'cover', 'learning_rate': 0.00039781833389458416, 'max_depth': 11, 'n_estimators': 36, 'reg_alpha': 4, 'reg_lambda': 1, 'tree_method': 'approx'}",0.9811542991755007,0.9592284085927224,0.9128251939753537,0.9172932330827067,0.8331907613344739,0.8963774220724515,0.9864906355541909,0.9884511944312608,0.9510939510939511,0.9901788846018941,0.8192612137203166,0.930504108875893,0.05828181915311306,29,0.9883509282854023,0.9780505074345055,0.9534486960760419,0.9519300801165331,0.83446519524618,0.8987654320987655,0.9832794983849515,0.9875955819881054,0.9630619684082624,0.9871175523349437,0.8690248565965584,0.9450082088154772,0.050989011315798874,28
0.23941343480890448,0.015520145077707954,0.014144745740023527,0.002742229121610827,0,cover,0.24733904708766977,4,84,0.75,0,gpu_hist,"{'gamma': 0, 'importance_type': 'cover', 'learning_rate': 0.24733904708766977, 'max_depth': 4, 'n_estimators': 84, 'reg_alpha': 0.75, 'reg_lambda': 0, 'tree_method': 'gpu_hist'}",0.9738524113887275,0.944372574385511,0.908762420957543,0.9079338141705559,0.6808923375363726,0.8966695132365499,0.9822174114736354,0.9881722125847657,0.9579288025889967,0.9841101694915254,0.7978555660674866,0.9111606576256063,0.09025706734726592,92,0.983618492901347,0.9695539296672173,0.9507677309285888,0.9473173100267055,0.7207130730050934,0.9004115226337449,0.9781493444803344,0.9872557349192863,0.968408262454435,0.979296066252588,0.8467973231357553,0.9302080718550086,0.07761866243707785,90
